City_ID,City,Country,Max Temp,Current Description,Lat,Lng,Hotel Name
0,East London,ZA,66.88,light rain,-33.0153,27.9116,Tu Casa
3,Mogadishu,SO,78.73,overcast clouds,2.0371,45.3438,Hotel Juba
8,Busselton,AU,74.93,overcast clouds,-33.65,115.3333,Observatory Guest House
10,Eldorado,BR,86.09,clear sky,-23.7869,-54.2836,Villa Verde Hotel
11,Mar Del Plata,AR,66.09,light rain,-38.0023,-57.5575,Gran Hotel Mar del Plata
13,George Town,MY,78.89,few clouds,5.4112,100.3354,Cititel Penang
15,Hilo,US,71.8,light rain,19.7297,-155.09,Hilo Hawaiian Hotel
16,Jurado,CO,75.47,moderate rain,7.1053,-77.7641,
20,Ribeira Grande,PT,60.66,few clouds,38.5167,-28.7,Quinta da Meia Eira
22,Castro,BR,61.36,overcast clouds,-24.7911,-50.0119,CHACARA BAILLY
25,Buluang,PH,80.49,overcast clouds,13.3068,123.3425,Enon Beach Resort
29,Port Lincoln,AU,65.68,few clouds,-34.7333,135.8667,Port Lincoln Hotel
30,Hobart,AU,67.05,few clouds,-42.8794,147.3294,Mantra on Collins Hobart
31,Hambantota,LK,73.74,broken clouds,6.1241,81.1185,Bungalow 63
32,Nishihara,JP,67.68,light rain,26.1842,127.7558,Minshuku Agaihama
33,Port Macquarie,AU,77.9,overcast clouds,-31.4333,152.9167,Rydges Port Macquarie
35,La Primavera,CO,85.21,overcast clouds,5.4906,-70.4092,La Riviera Hotel Colonial
36,Kapaa,US,75.18,light rain,22.0752,-159.319,Sheraton Kauai Coconut Beach Resort
37,Cap Malheureux,MU,79.47,overcast clouds,-19.9842,57.6142,Pereybere Hotel & Spa
38,Punta Arenas,CL,60.91,scattered clouds,-53.15,-70.9167,Hotel Hain
39,Zambezi,ZM,65.66,overcast clouds,-13.5432,23.1047,Royal Kutachika Lodge
40,Rikitea,PF,77.59,overcast clouds,-23.1203,-134.9692,People ThankYou
41,Kilindoni,TZ,81.5,overcast clouds,-7.9139,39.6668,Bustani B&B
44,Luwuk,ID,85.95,overcast clouds,-0.9516,122.7875,Hotel Santika Luwuk
47,Lompoc,US,60.13,moderate rain,34.6391,-120.4579,"Holiday Inn Express Lompoc, an IHG Hotel"
50,Cockburn Town,TC,78.98,clear sky,21.4612,-71.1419,Osprey Beach Hotel
56,Ponta Do Sol,PT,66.7,overcast clouds,32.6667,-17.1,Hotel do Campo
57,Avarua,CK,77.05,moderate rain,-21.2078,-159.775,Paradise Inn
59,Rosarito,MX,66.63,broken clouds,32.3333,-117.0333,Hotel Festival Plaza Rosarito
61,Vaini,TO,86.16,few clouds,-21.2,-175.2,Keleti Beach Resort
62,Arraial Do Cabo,BR,75.56,overcast clouds,-22.9661,-42.0278,Pousada Porto Praia
63,Keffi,NG,75.51,clear sky,8.8486,7.8736,Imam Family
66,Quatre Cocos,MU,79.09,light rain,-20.2078,57.7625,Sunrise Attitude Hotel
67,Puerto Ayora,EC,69.89,overcast clouds,-0.7393,-90.3518,Finch Bay Galapagos Hotel
69,Butaritari,KI,81.07,overcast clouds,3.0707,172.7902,Isles Sunset Lodge
71,Maumere,ID,85.86,overcast clouds,-8.6199,122.2111,Sylvia Hotel
72,Thinadhoo,MV,80.2,broken clouds,0.5333,72.9333,
77,Bol,TD,69.51,clear sky,13.4586,14.7147,Hotel 3 Etoiles
78,Port Alfred,ZA,66.02,light rain,-33.5906,26.891,The Halyards Hotel
79,Mount Darwin,ZW,69.71,light rain,-16.7725,31.5838,
80,Hermanus,ZA,64.8,overcast clouds,-34.4187,19.2345,Misty Waves Boutique Hotel
82,Bredasdorp,ZA,65.52,light rain,-34.5322,20.0403,Bredasdorp Country Manor
84,Mumford,GH,78.78,overcast clouds,5.2618,-0.759,Spanish Villa
85,Cape Town,ZA,66.88,clear sky,-33.9258,18.4232,Southern Sun Waterfront Cape Town
89,Saint-Pierre,RE,78.44,clear sky,-21.3393,55.4781,Lindsey H√¥tel
90,Tabou,CI,80.78,broken clouds,4.423,-7.3528,hot√™l doufoulougou
91,Binga,ZW,70.61,light rain,-17.6203,27.3414,Lakeview Inn Binga
93,Faanui,PF,82.15,overcast clouds,-16.4833,-151.75,Bora-Bora Pearl Beach Resort & Spa
95,Inirida,CO,75.74,broken clouds,3.8653,-67.9239,Fuente del Guania Hotel de Lujo
96,Viedma,AR,67.57,clear sky,-40.8135,-62.9967,Hotel Cristal
98,Nelson Bay,AU,82.76,overcast clouds,-32.7167,152.15,Mantra Nelson Bay
103,New Norfolk,AU,66.7,few clouds,-42.7826,147.0587,The Shingles Riverside Cottages
106,Geraldton,AU,77.41,clear sky,-28.7667,114.6,Broadwater Mariner Resort
108,Rantepao,ID,77.58,overcast clouds,-2.9701,119.8978,Hotel Luta Resort
109,Victoria,HK,68.25,overcast clouds,22.2855,114.1577,Mini Hotel Central
112,Tiarei,PF,87.82,broken clouds,-17.5333,-149.3333,Le Rocher de Tahiti
114,Kaitangata,NZ,65.93,overcast clouds,-46.2817,169.8464,Kaitangata Motor Camp
115,Ikalamavony,MG,68.81,broken clouds,-21.15,46.5833,
117,Carnarvon,AU,75.27,broken clouds,-24.8667,113.6333,Hospitality Carnarvon
120,Puerto Escondido,MX,81.43,few clouds,15.85,-97.0667,Aldea del Bazar Hotel and Spa
121,Bathsheba,BB,81.21,scattered clouds,13.2167,-59.5167,Atlantis Hotel
123,Mahebourg,MU,79.25,broken clouds,-20.4081,57.7,Shandrani Beachcomber Resort & Spa
125,Champerico,GT,81.36,few clouds,14.3,-91.9167,"Hotel y restaurante ""El Diamante"""
127,Cam Ranh,VN,71.56,broken clouds,11.9214,109.1591,OYO 598 Peony Hotel
130,Touros,BR,81.5,overcast clouds,-5.1989,-35.4608,INN NEW HORIZON
136,Muros,ES,60.24,overcast clouds,42.7762,-9.0603,Apartment Av. Castelao
138,Maragogi,BR,78.78,broken clouds,-9.0122,-35.2225,Salinas do Maragogi All Inclusive Resort
140,Atuona,PF,78.84,few clouds,-9.8,-139.0333,Villa Enata
142,Alugan,PH,80.31,overcast clouds,12.2188,125.4808,JM Lodge
144,Labuhan,ID,82.33,overcast clouds,-6.8844,112.2051,PT PPI Lamongan Tambak C
147,Yaan,NG,78.21,broken clouds,7.3833,8.5667,
148,Samarai,PG,84.4,broken clouds,-10.6167,150.6667,Nuli Sapi
149,Mersing,MY,75.11,scattered clouds,2.4312,103.8405,Timotel Hotel
150,Ratnagiri,IN,70.54,clear sky,16.9833,73.3,Hotel Landmark
151,Chuy,UY,64.0,clear sky,-33.6971,-53.4616,Nuevo Hotel Plaza
152,Codrington,AU,64.24,overcast clouds,-38.2667,141.9667,Codrington Gardens Bed And Breakfast
153,Lorengau,PG,84.29,overcast clouds,-2.0226,147.2712,Lorengau Harbourside Hotel
156,Ahipara,NZ,72.91,overcast clouds,-35.1667,173.1667,Ahipara Holiday Park
160,Sinnamary,GF,77.52,overcast clouds,5.3833,-52.95,ALETHEIA Appartement Sinnamary
163,Namibe,AO,67.44,scattered clouds,-15.1961,12.1522,Hotel Chik Chik Namibe
165,Voh,NC,85.73,scattered clouds,-20.9667,164.7,Le g√Æte du Koniambo
166,Tarakan,ID,81.9,scattered clouds,3.3,117.6333,RedDoorz Syariah near Taman Berlabuh Tarakan
168,Bandarbeyla,SO,75.54,few clouds,9.4942,50.8122,JABIR HOTEL
170,Pitimbu,BR,81.19,overcast clouds,-7.4706,-34.8086,Reserva do Abia√≠
172,Beruwala,LK,74.35,overcast clouds,6.4788,79.9828,The Palms Hotel
173,Rio Gallegos,AR,68.05,scattered clouds,-51.6226,-69.2181,Hotel Santa Cruz
175,Arlit,NE,63.27,overcast clouds,18.7369,7.3853,Case de Passage De la Prefecture
176,Humaita,BR,74.86,light rain,-7.5061,-63.0208,Corr√™a Hotel
177,Tiradentes,BR,65.52,overcast clouds,-21.1103,-44.1781,Hotel Serra Vista
179,Bambanglipuro,ID,80.26,overcast clouds,-7.95,110.2833,Puri Brata
181,Auki,SB,84.34,overcast clouds,-8.7676,160.7034,Auki Motel
182,Bubaque,GW,81.36,few clouds,11.2833,-15.8333,"Casa Dora, Bubaque"
183,Porto Belo,BR,73.38,overcast clouds,-27.1578,-48.5531,Costa Verde Beach Hotel
187,Cabo San Lucas,MX,76.3,clear sky,22.8909,-109.9124,Hotel Tesoro Los Cabos
188,Taltal,CL,66.31,overcast clouds,-25.4,-70.4833,Residencial Karime
189,Saint-Philippe,RE,78.35,overcast clouds,-21.3585,55.7679,"Chambres d'h√¥te ""La Trinit√©"""
190,Ancud,CL,62.13,clear sky,-41.8697,-73.8203,Hotel Arena Gruesa
191,Taoudenni,ML,69.1,overcast clouds,22.6783,-3.9836,
192,Caravelas,BR,77.63,moderate rain,-17.7125,-39.2481,Pousada dos Navegantes
193,Camacha,PT,62.53,scattered clouds,33.0833,-16.3333,Hotel Porto Santo & Spa
194,Alegrete,BR,76.14,overcast clouds,-29.7831,-55.7919,Hotel Alegrete
197,Vao,NC,75.99,clear sky,-22.6667,167.4833,Hotel Kou-Bugny
198,Port Pirie,AU,71.69,clear sky,-33.1833,138.0167,John Pirie Motor Inn
201,Hualmay,PE,69.26,broken clouds,-11.0964,-77.6139,Hotel Villa Kitzia Huacho
204,El Tocuyo,VE,73.67,overcast clouds,9.7873,-69.7937,HOTEL BOUTIQUE SANTO DOMINGO
205,Guerrero Negro,MX,63.25,overcast clouds,27.9769,-114.0611,"Casa Laguna, Bed & Breakfast"
206,Mahina,PF,87.57,broken clouds,-17.5065,-149.489,Guest Beach Bungalow Tahiti
208,Tadine,NC,80.35,light rain,-21.55,167.8833,
209,Adrar,MR,65.25,clear sky,20.5022,-10.0711,
211,Coolum Beach,AU,86.07,overcast clouds,-26.5333,153.1,Palmer Coolum Resort
212,Kavieng,PG,83.95,light rain,-2.5744,150.7967,Nusa Island Retreat
213,Olinda,BR,82.13,light rain,-8.0089,-34.8553,Hotel Albergue de Olinda
215,Inhambane,MZ,75.49,overcast clouds,-23.865,35.3833,Oceano
218,Koumac,NC,83.55,scattered clouds,-20.5667,164.2833,Le Monitel
220,Half Moon Bay,US,60.98,fog,37.4636,-122.4286,"The Ritz-Carlton, Half Moon Bay"
225,Benguela,AO,73.71,overcast clouds,-12.5763,13.4055,Hotel Praia Morena
230,Esperance,AU,67.84,scattered clouds,-33.8667,121.9,Hospitality Esperance
231,Matara,LK,74.53,broken clouds,5.9485,80.5353,Amaloh Boutique Resort
234,Moreira Sales,BR,77.97,clear sky,-24.0622,-53.0069,Casa Cristo Rei
236,Saldanha,ZA,64.45,clear sky,-33.0117,17.9442,Blue Bay Lodge
237,Morant Bay,JM,78.42,few clouds,17.8815,-76.4093,Whispering Bamboo Cove Resort
238,Salalah,OM,68.09,clear sky,17.0151,54.0924,"HAMDAN PLAZA HOTEL SALALAH, an HTG Hotel"
239,Pemangkat,ID,80.46,few clouds,1.1667,108.9667,Ramah Kost KITA
243,Puerto Leguizamo,CO,78.8,overcast clouds,-0.1934,-74.7819,la casona de juancho
244,Airai,TL,67.24,overcast clouds,-8.9266,125.4092,Juvinal Martin
249,Pundaguitan,PH,80.26,overcast clouds,6.3711,126.1689,Leonardo Family Beach House 1
250,Bambous Virieux,MU,79.21,broken clouds,-20.3428,57.7575,Casa Tia Villa
251,Hithadhoo,MV,81.03,overcast clouds,-0.6,73.0833,Scoop Guest House
253,Sao Felix Do Xingu,BR,73.78,overcast clouds,-6.6447,-51.995,Rio Xingu Camping
255,Kudahuvadhoo,MV,82.08,broken clouds,2.6708,72.8944,Niyama Private Islands Maldives
262,Praxedis Guerrero,MX,66.56,broken clouds,31.3667,-106.0167,Congregaci√≥n placitas de Otero
263,Princeton,US,66.2,clear sky,25.5384,-80.4089,American Best Inn
264,Menongue,AO,63.39,overcast clouds,-14.6585,17.691,Ritz Lauca
267,Ambilobe,MG,76.82,light rain,-13.2,49.05,H√¥tel & Restaurant DIANA Ambilobe
268,Pemba,MZ,79.5,few clouds,-12.974,40.5178,Guesthouse Samotina
269,Siocon,PH,82.22,scattered clouds,7.7061,122.1353,ABS Hotel
270,Dong Hoi,VN,68.43,overcast clouds,17.4833,106.6,Nam Long Hotel
271,Talara,PE,70.56,broken clouds,-4.5772,-81.2719,Hostal Oro Negro
272,Ribeira Brava,PT,66.7,overcast clouds,32.65,-17.0667,Hotel do Campo
273,Prainha,BR,78.31,overcast clouds,-1.8,-53.48,Casa Rocha
274,Mozarlandia,BR,74.35,overcast clouds,-14.7447,-50.5706,Hotel Santa M√¥nica
275,Vangaindrano,MG,73.17,few clouds,-23.35,47.6,Hotel Fanilo
277,Tautira,PF,87.82,overcast clouds,-17.7333,-149.15,Pension Oaoa
281,Ternate,ID,81.43,overcast clouds,0.8,127.4,Sahid Bela Ternate Hotel
282,Kahului,US,76.26,scattered clouds,20.8947,-156.47,Maui Seaside Hotel
283,Ruteng,ID,75.18,overcast clouds,-8.6136,120.4721,Hotel FX 72
284,Richards Bay,ZA,68.34,light rain,-28.783,32.0377,BON Hotel Waterfront Richards Bay
285,Coahuayana,MX,72.23,clear sky,18.7333,-103.6833,El rranchito michuacan de ocampos
286,San Policarpo,PH,80.55,overcast clouds,12.1791,125.5072,Agapita M. Nicart
288,Alice Springs,AU,89.15,light rain,-23.7,133.8833,Desert Palms Alice Springs
290,Salinas,US,61.16,light rain,36.6777,-121.6555,Laurel Inn & Conference Center
291,Euclides Da Cunha,BR,71.13,scattered clouds,-10.5075,-39.0158,Hotel e Posto Bastos
292,Souillac,MU,79.36,broken clouds,-20.5167,57.5167,Shanti Maurice Resort & Spa
295,Kieta,PG,85.41,moderate rain,-6.2167,155.6333,Uruna Bay Retreat
296,Bousso,TD,74.03,overcast clouds,10.4795,16.7117,
297,Balikpapan,ID,72.59,few clouds,-1.2675,116.8289,ibis Balikpapan
299,Raga,SS,73.02,overcast clouds,8.4596,25.678,
300,Keti Bandar,PK,72.16,clear sky,24.1447,67.4497,Haji laloo memon house
301,Bengkulu,ID,77.09,overcast clouds,-3.8004,102.2655,Grage Hotel Bengkulu
303,Nokaneng,BW,69.66,overcast clouds,-19.6667,22.2667,
306,Georgetown,MY,78.89,few clouds,5.4112,100.3354,Cititel Penang
307,Sola,VU,84.87,broken clouds,-13.8833,167.55,Leumerus Bungalows
309,San Patricio,US,69.78,clear sky,28.017,-97.5169,"Motel 6 Sinton, TX"
311,Porto Novo,BJ,77.38,overcast clouds,6.4965,2.6036,Tour Eiffel Hotel Benin
313,Ewa Beach,US,80.55,clear sky,21.3156,-158.0072,Uncle Junior Robert
314,Mirandopolis,BR,81.16,few clouds,-21.1336,-51.1017,Hotel Piriquitu's
315,Muli,MV,82.06,overcast clouds,2.9167,73.5667,Medhufushi Island Resort
317,Ugoofaaru,MV,80.8,broken clouds,5.6667,73.0,Ungoofaaru Inn
318,Pangkalanbuun,ID,81.07,overcast clouds,-2.6833,111.6167,Grand Kecubung Hotel
320,Ulladulla,AU,72.77,overcast clouds,-35.35,150.4667,Sandpiper Motel
326,Ishigaki,JP,73.53,scattered clouds,24.3448,124.1572,Hotel Peace Land Ishigakijima
327,Cidreira,BR,69.26,clear sky,-30.1811,-50.2056,Hotel Castelo
329,Sirajganj,BD,64.04,clear sky,24.45,89.7167,Sourav talukder
332,Kavaratti,IN,78.84,overcast clouds,10.5669,72.642,Hotels in Lakshadweep Islands
334,Pacaembu,BR,81.21,scattered clouds,-21.5622,-51.2606,Pousada Eliana e Otavio Pacaembu
335,San Quintin,MX,60.75,overcast clouds,30.4833,-115.95,Don Eddie's Landing
336,Labuan,MY,82.76,few clouds,5.2767,115.2417,Tiara Labuan Hotel
340,Jacareacanga,BR,76.77,heavy intensity rain,-6.2222,-57.7528,Casa do Ianüòé
341,Maceio,BR,80.04,scattered clouds,-9.6658,-35.7353,Poutur Pousada
342,Acapulco,MX,82.22,few clouds,16.8634,-99.8901,HS Hotsson Smart Acapulco
343,Luganville,VU,85.73,scattered clouds,-15.5333,167.1667,The Espiritu Hotel
344,Ankazoabo,MG,69.01,overcast clouds,-22.2833,44.5167,ENCEIN BUREAU CISCO
345,Meulaboh,ID,76.73,overcast clouds,4.1363,96.1285,Kost Pria
348,Punta De Bombon,PE,68.67,overcast clouds,-17.1717,-71.7931,Hotel Bedregal
349,Calebasses,MU,78.85,overcast clouds,-20.1117,57.5539,Maritim Resort & Spa Mauritius
352,Wattegama,LK,72.52,few clouds,6.7989,81.4808,
353,Bonito,BR,78.51,moderate rain,-21.1211,-56.4819,Marru√° Hotel
360,Itarema,BR,80.33,few clouds,-2.9248,-39.9167,"Sea Lounge! Bar, Club & Restaurant"
362,Isla Vista,US,63.12,moderate rain,34.4133,-119.861,Best Western Plus South Coast Inn
364,Maun,BW,69.76,clear sky,-19.9833,23.4167,Enviro Villa
367,Dunedin,NZ,62.8,overcast clouds,-45.8742,170.5036,Scenic Hotel Southern Cross
369,Las Conchas,AR,67.87,overcast clouds,-25.9948,-65.8276,La Casa De La Bodega
370,Isangel,VU,80.71,broken clouds,-19.55,169.2667,Tanna Lodge
371,San Carlos Park,US,65.97,clear sky,26.4673,-81.8015,Embassy Suites by Hilton Fort Myers Estero
372,Nuzvid,IN,61.65,clear sky,16.7833,80.85,HI-TECH LODGE
375,Bima,ID,85.19,overcast clouds,-8.4667,118.7167,Lambitu Hotel
376,Goroka,PG,75.34,overcast clouds,-6.0834,145.3873,Bird of Paradise Hotel & Apartments
377,Tonantins,BR,75.63,overcast clouds,-2.8731,-67.8022,Hotel Rei Davi
384,Ormara,PK,73.44,clear sky,25.2088,64.6357,Crystal Beach and Camping Resort Ormara
389,Rocha,UY,60.31,clear sky,-34.4833,-54.3333,Hotel Arrarte
394,Padang,ID,73.45,light rain,-0.9492,100.3543,Mercure Padang
396,Gombe,NG,67.87,clear sky,10.2897,11.1673,Shinani Lodge
399,Salta,AR,71.89,broken clouds,-24.7859,-65.4117,Hotel Alejandro I
400,Sehithwa,BW,71.35,overcast clouds,-20.4667,22.7167,MONLEK GUEST HOUSE
401,Marzuq,YE,61.59,clear sky,14.4,46.4667,
402,Bundaberg,AU,84.49,few clouds,-24.85,152.35,Takalvan Motel
404,Aguas Verdes,PE,73.67,overcast clouds,-3.4814,-80.245,Sol Del Sur Hotel
405,Phalombe,MW,69.04,light rain,-15.8064,35.6507,RIVONIA
406,Moerai,PF,78.21,moderate rain,-22.4333,-151.3333,Le Manotel
408,Camapua,BR,72.16,overcast clouds,-19.5314,-54.0439,Comercial Estrela
411,Port Elizabeth,ZA,64.09,light rain,-33.918,25.5701,39 On Nile Guest House
417,Saint-Joseph,RE,77.36,overcast clouds,-21.3667,55.6167,"""Plantation Bed and Breakfast"
423,Terenos,BR,80.31,light rain,-20.4422,-54.8603,Rancho Pitzer
426,Muyuka,CM,76.6,broken clouds,4.2898,9.4103,Muyuka Motor Park (El Paso)
427,Bitung,ID,77.85,broken clouds,1.4451,125.1824,K2 Lembeh
428,Dicabisagan,PH,78.8,light rain,17.0818,122.4157,Nancy Montanes Bernardo
432,Viru,PE,63.7,broken clouds,-8.4167,-78.75,AYAR PORTENTOS DE MONTA√ëA
440,Kaeo,NZ,82.33,overcast clouds,-35.1,173.7833,Bushido Lodge
441,Wanaka,NZ,62.02,broken clouds,-44.7,169.15,Wanaka Homestead Lodge and Cottages
445,Broken Hill,AU,82.11,overcast clouds,-31.95,141.4333,Royal Exchange Hotel
447,Stellenbosch,ZA,65.61,scattered clouds,-33.9346,18.8668,Summerwood Guest House
448,Bahia Blanca,AR,69.73,clear sky,-38.7196,-62.2724,Hotel Argos
451,Mongoumba,CF,81.68,overcast clouds,3.6415,18.5936,
453,Maravilha,BR,75.61,overcast clouds,-26.7608,-53.1725,Maravilha Palace Hotel
455,Nanakuli,US,80.55,clear sky,21.3906,-158.1547,Camp PƒÅlehua
456,Tual,ID,82.56,overcast clouds,-5.6667,132.75,Grand Vilia Hotel
466,Sao Joao Da Barra,BR,76.3,overcast clouds,-21.6403,-41.0511,Pousada Porto De Canoas
469,Santa Maria Da Vitoria,BR,70.12,scattered clouds,-13.3947,-44.1886,Pousada Rio Current
472,Emerald,AU,89.35,clear sky,-23.5333,148.1667,The Irish Village
473,Boa Vista,BR,80.58,thunderstorm,2.8197,-60.6733,Aipana Plaza Hotel
474,Moron,AR,78.03,broken clouds,-34.6534,-58.6198,Hotel Mor√≥n
476,Poum,NC,81.36,few clouds,-20.2333,164.0167,G√Æte kajeon
478,Chicama,PE,63.14,scattered clouds,-7.8447,-79.1469,Balihai Bungalows
481,Sur,OM,71.67,few clouds,22.5667,59.5289,Sur Plaza Hotel
482,Pisco,PE,68.05,few clouds,-13.7,-76.2167,Hotel San Isidro Oficial
486,Kampong Chhnang,KH,73.67,overcast clouds,12.1667,104.55,·ûï·üí·ûë·üá·ûü·üÜ·ûé·û∂·ûÄ·üã·û†·üÅ·ûÑ·ûü·üí·ûö·ûü·üã
491,La Plata,AR,78.01,scattered clouds,-34.9215,-57.9545,Hotel Corregidor
492,Homa Bay,KE,66.52,scattered clouds,-0.5273,34.4571,ACK Guest House - Homa Bay
493,Huarmey,PE,69.58,broken clouds,-10.0681,-78.1522,Hotel Miramar
494,Comodoro Rivadavia,AR,62.46,clear sky,-45.8667,-67.5,Austral Hotel
495,Lakatoro,VU,86.04,clear sky,-16.0999,167.4164,Lakatoro Palm Lodge
497,Vanimo,PG,76.66,overcast clouds,-2.6741,141.3028,Vahmoneh Lodge Vanimo
500,Mabaruma,GY,74.16,overcast clouds,8.2,-59.7833,Monty Brooms Guest House
503,Pochutla,MX,78.82,scattered clouds,15.7432,-96.4661,Hotel Posada San Jose
507,Qui Nhon,VN,72.37,overcast clouds,13.7667,109.2333,Hoang Yen Canary Hotel
510,Guarapari,BR,78.89,overcast clouds,-20.6667,-40.4975,Hotel Porto do Sol
513,Yulara,AU,87.64,broken clouds,-25.2406,130.9889,Desert Gardens Hotel - Ayers Rock Resort
514,Antsohihy,MG,77.0,moderate rain,-14.8796,47.9875,Hotel de Ville
517,Sungaipenuh,ID,65.64,light rain,-2.0833,101.3833,penginapan citra alam
518,Sao Filipe,CV,74.71,clear sky,14.8961,-24.4956,Hotel Xaguate
519,Upington,ZA,62.98,clear sky,-28.4478,21.2561,River Place Manor
520,Armidale,AU,67.8,light rain,-30.5167,151.65,Abbotsleigh Motor Inn
527,Coari,BR,75.6,overcast clouds,-4.085,-63.1414,HOTEL ALEX FLAT
528,Harper,LR,80.31,broken clouds,4.375,-7.7169,Screensaver
530,Sekoma,BW,66.72,moderate rain,-24.4,23.8833,
531,Puerto Madryn,AR,68.05,clear sky,-42.7692,-65.0385,Hotel Tolosa
533,Kalmunai,LK,74.23,overcast clouds,7.4167,81.8167,VS Villa
534,Phan Thiet,VN,76.39,few clouds,10.9333,108.1,Hotel Saigon-PT
536,Conde,BR,80.06,scattered clouds,-7.2597,-34.9075,Pousada Beija Flor
539,Pontes E Lacerda,BR,72.18,heavy intensity rain,-15.2261,-59.3353,Hotel Bressan
540,Mombasa,KE,75.81,moderate rain,-4.0547,39.6636,Marigold Guest House
541,Basse-Pointe,MQ,79.84,clear sky,14.8695,-61.115,Residence HYBRIDES
543,Vredendal,ZA,65.35,broken clouds,-31.6683,18.5012,Tharrakamma Guest House
544,Lethem,GY,78.64,moderate rain,3.3803,-59.7968,Savannah Inn
547,Turiacu,BR,78.35,overcast clouds,-1.6633,-45.3717,Pousada Maranata
548,Coquimbo,CL,63.07,scattered clouds,-29.9533,-71.3436,Punto de encuentro
553,Progreso,MX,69.75,clear sky,21.2833,-89.6667,Playa Linda Hotel
555,Port Keats,AU,89.31,overcast clouds,-14.25,129.55,TDC Village (Hundred Man Camp)
557,Biltine,TD,68.27,clear sky,14.5333,20.9167,H√¥tel Trois √âtoiles de Biltine
559,Imbituba,BR,73.29,clear sky,-28.24,-48.6703,Praia Hotel Imbituba
560,Santa Maria,BR,72.7,clear sky,-29.6842,-53.8069,Hotel Morotin
563,San Cristobal,VE,75.38,overcast clouds,7.7669,-72.225,Posada Villaven C.A.
568,Collie,AU,79.83,few clouds,-33.3667,116.15,Collie Ridge
571,Jalingo,NG,74.53,clear sky,8.8833,11.3667,Debright Motel
573,Barranca,PE,68.88,overcast clouds,-10.75,-77.7667,El Olivar Hospedaje
575,Galesong,ID,80.62,broken clouds,-5.3166,119.3661,Sapriadi Appy
577,Port Blair,IN,75.97,overcast clouds,11.6667,92.75,"Welcomhotel By ITC Hotels, Bay Island, Port Blair"
581,Ambanja,MG,77.07,light rain,-13.6833,48.45,Hotel Salama and Fast Food
583,Boffa,GN,77.5,overcast clouds,10.1667,-14.0333,H√¥tel Niara Belly
584,Road Town,VG,78.89,few clouds,18.4167,-64.6167,"ZINGARA 76ft Catamaran, full crew-all included"
585,Muisne,EC,74.73,overcast clouds,0.6,-80.0333,Quinta Samay
590,Manama,BH,66.18,clear sky,26.2154,50.5832,Al Safir Hotel
594,Cotonou,BJ,80.49,overcast clouds,6.3654,2.4183,Novotel Cotonou Orisha
595,Santa Maria Del Oro,MX,60.28,overcast clouds,25.9333,-105.3667,Hotel Palacio Del Sol
597,Kruisfontein,ZA,61.88,light rain,-34.0033,24.7314,Oyster Bay House Rental
600,Domoni,KM,79.52,broken clouds,-12.2569,44.5319,Al Djadid
601,Vilhena,BR,69.98,overcast clouds,-12.7406,-60.1458,Hotel Mirage
602,Christchurch,NZ,66.47,scattered clouds,-43.5333,172.6333,The George
603,Sabang,ID,80.06,overcast clouds,5.8933,95.3214,Hotel Citra
604,Puerto Baquerizo Moreno,EC,69.82,overcast clouds,-0.9,-89.6,Hotel los Algarrobos
605,Mikumi,TZ,71.69,overcast clouds,-7.4041,36.9831,Morio Motel and Campsite
606,General Roca,AR,84.6,clear sky,-39.0333,-67.5833,Hotel y Casino del R√≠o General Roca
607,Cascais,PT,61.16,overcast clouds,38.6979,-9.4215,Hotel Vila Gal√© Cascais
608,Cabedelo,BR,81.27,broken clouds,-6.9811,-34.8339,Hotel Pigalle
609,Ixtapa,MX,69.49,clear sky,20.7,-105.2,Hotel Plaza Providencia
616,Ratnapura,LK,72.73,overcast clouds,6.6828,80.3992,Hotel Helenium
621,Bangassou,CF,70.02,broken clouds,4.7413,22.8184,
626,Xique-Xique,BR,77.58,scattered clouds,-10.8218,-42.7263,Hotel J. Macedo
629,Chiredzi,ZW,70.16,overcast clouds,-21.05,31.6667,Clevers Hotel Chiredzi
630,Chokwe,MZ,76.78,overcast clouds,-24.5333,32.9833,Complexo Sonho Real
633,Mount Gambier,AU,66.11,scattered clouds,-37.8333,140.7667,The Commodore
634,Port Hedland,AU,89.65,clear sky,-20.3167,118.5667,The Esplanade Hotel
637,Alibag,IN,71.67,clear sky,18.6411,72.8792,"Radisson Blu Resort & Spa - Alibaug, India"
644,Sao Gotardo,BR,71.62,overcast clouds,-19.3111,-46.0489,HOTEL BOMTEMPO
648,Grand-Santi,GF,72.32,overcast clouds,4.25,-54.3833,Hotel La Villa Couacou
649,Naze,JP,65.32,overcast clouds,28.3667,129.4833,Shishime Hotel
650,Oussouye,SN,75.29,overcast clouds,12.485,-16.5469,Auberge du Routard
651,Te Anau,NZ,61.05,broken clouds,-45.4167,167.7167,Kingsgate Hotel Te Anau
652,Sambava,MG,77.04,overcast clouds,-14.2667,50.1667,Melrose
653,Hoa Binh,VN,60.69,clear sky,20.8133,105.3383,Hoa Dao Hotel
656,Rengo,CL,68.47,clear sky,-34.4167,-70.8667,Hostal Cartagena
658,Itacarambi,BR,70.72,very heavy rain,-15.1022,-44.0919,POUSADA CAMALE√ÉO
659,Phalodi,IN,62.65,scattered clouds,27.1333,72.3667,"HOTEL NEW GOLDEN PALACE , PHALODI"
660,Villa Carlos Paz,AR,77.4,clear sky,-31.4241,-64.4978,Monte Carlo
661,Sandakan,MY,76.68,thunderstorm,5.8402,118.1179,Hotel Sandakan
662,Banda Aceh,ID,77.25,overcast clouds,5.5577,95.3222,Sulthan Hotel International
666,Benoy,TD,73.76,scattered clouds,8.9833,16.3199,
668,Peabiru,BR,86.22,broken clouds,-23.9128,-52.3431,La visa hotel
671,Pandan,PH,79.48,overcast clouds,14.0453,124.1694,Bonifacio Lodge
673,Thaton,MM,69.28,broken clouds,16.9206,97.3714,"Shwe Pyi Soe Guest House, Thaton"
675,Beloha,MG,68.77,overcast clouds,-25.1667,45.05,
677,Atar,MR,68.59,clear sky,20.5169,-13.0499,Oumou Elghoura
679,Vila Velha,BR,78.94,broken clouds,-20.3297,-40.2925,Quality Suites Vila Velha
683,Tarata,BO,60.22,overcast clouds,-17.6167,-66.0167,Hacienda castillo
