City_ID,City,Country,Lat,Lng,Max Temp,Humidity,Cloudiness,Wind Speed,Current Description
0,East London,ZA,-33.0153,27.9116,66.88,87,100,6.58,light rain
1,Severo-Kurilsk,RU,50.6789,156.125,28.83,75,91,26.98,overcast clouds
2,Warmbad,NA,-28.45,18.7333,60.84,63,0,9.31,clear sky
3,Mogadishu,SO,2.0371,45.3438,78.73,85,100,16.91,overcast clouds
4,Chokurdakh,RU,70.6333,147.9167,-23.78,99,100,5.97,overcast clouds
5,Yellowknife,CA,62.456,-114.3525,-21.48,76,75,3.44,light snow
6,Ushuaia,AR,-54.8,-68.3,58.62,51,20,17.27,few clouds
7,Bluff,NZ,-46.6,168.3333,59.81,64,15,23.73,few clouds
8,Busselton,AU,-33.65,115.3333,74.93,47,98,6.62,overcast clouds
9,Cherskiy,RU,68.75,161.3,-26.59,99,100,4.23,overcast clouds
10,Eldorado,BR,-23.7869,-54.2836,86.09,45,2,5.97,clear sky
11,Mar Del Plata,AR,-38.0023,-57.5575,66.09,82,20,3.0,light rain
12,Ilulissat,GL,69.2167,-51.1,37.42,38,19,23.02,few clouds
13,George Town,MY,5.4112,100.3354,78.89,88,20,1.99,few clouds
14,Prince Rupert,CA,54.3161,-130.3201,35.29,87,1,4.61,clear sky
15,Hilo,US,19.7297,-155.09,71.8,46,90,6.91,light rain
16,Jurado,CO,7.1053,-77.7641,75.47,93,100,2.48,moderate rain
17,Uch,FR,45.3192,-0.9345,47.19,86,16,13.58,few clouds
18,Albania,AL,41.0,20.0,27.79,60,6,4.81,clear sky
19,Jamestown,US,42.097,-79.2353,26.71,82,90,7.0,light snow
20,Ribeira Grande,PT,38.5167,-28.7,60.66,78,19,35.08,few clouds
21,Beringovskiy,RU,63.05,179.3167,10.74,95,100,16.24,light snow
22,Castro,BR,-24.7911,-50.0119,61.36,94,100,4.41,overcast clouds
23,Albany,US,42.6001,-73.9662,31.8,62,46,7.0,scattered clouds
24,Abashiri,JP,44.0213,144.2697,19.69,86,75,5.75,light snow
25,Buluang,PH,13.3068,123.3425,80.49,79,100,2.62,overcast clouds
26,Pangnirtung,CA,66.1451,-65.7125,-0.56,89,97,6.64,overcast clouds
27,Shelburne,CA,44.0787,-80.2041,23.18,91,88,9.35,light snow
28,Bukachacha,RU,52.9833,116.9167,-25.62,92,20,3.44,few clouds
29,Port Lincoln,AU,-34.7333,135.8667,65.68,65,16,12.12,few clouds
30,Hobart,AU,-42.8794,147.3294,67.05,45,20,1.99,few clouds
31,Hambantota,LK,6.1241,81.1185,73.74,100,64,3.44,broken clouds
32,Nishihara,JP,26.1842,127.7558,67.68,94,75,12.66,light rain
33,Port Macquarie,AU,-31.4333,152.9167,77.9,88,90,0.0,overcast clouds
34,Almaznyy,RU,48.0448,40.045,6.94,87,26,8.39,scattered clouds
35,La Primavera,CO,5.4906,-70.4092,85.21,53,100,5.21,overcast clouds
36,Kapaa,US,22.0752,-159.319,75.18,74,90,4.0,light rain
37,Cap Malheureux,MU,-19.9842,57.6142,79.47,83,100,3.0,overcast clouds
38,Punta Arenas,CL,-53.15,-70.9167,60.91,51,40,21.85,scattered clouds
39,Zambezi,ZM,-13.5432,23.1047,65.66,96,100,4.21,overcast clouds
40,Rikitea,PF,-23.1203,-134.9692,77.59,73,99,7.16,overcast clouds
41,Kilindoni,TZ,-7.9139,39.6668,81.5,74,96,6.08,overcast clouds
42,Talnakh,RU,69.4865,88.3972,7.21,95,100,17.16,snow
43,Nuoro,IT,40.3211,9.3297,43.79,87,7,2.59,clear sky
44,Luwuk,ID,-0.9516,122.7875,85.95,62,100,1.34,overcast clouds
45,Tazovskiy,RU,67.4667,78.7,12.63,90,100,23.02,overcast clouds
46,Mataura,NZ,-46.1927,168.8643,59.49,48,100,8.3,overcast clouds
47,Lompoc,US,34.6391,-120.4579,60.13,90,90,0.0,moderate rain
48,Dikson,RU,73.5069,80.5464,0.61,82,100,18.43,overcast clouds
49,Kutum,SD,14.2,24.6667,57.06,19,0,5.79,clear sky
50,Cockburn Town,TC,21.4612,-71.1419,78.98,73,10,5.99,clear sky
51,Yenotayevka,RU,47.2456,47.0281,16.92,57,8,16.08,clear sky
52,Tara,RU,56.8944,74.371,24.6,95,100,8.95,overcast clouds
53,Zyryanka,RU,65.75,150.85,-26.75,99,100,0.25,overcast clouds
54,Khatanga,RU,71.9667,102.5,-36.56,97,19,3.98,few clouds
55,Thompson,CA,55.7435,-97.8558,-30.84,75,1,3.44,clear sky
56,Ponta Do Sol,PT,32.6667,-17.1,66.7,89,100,7.76,overcast clouds
57,Avarua,CK,-21.2078,-159.775,77.05,88,75,12.66,moderate rain
58,Fukue,JP,32.6881,128.8419,52.16,71,20,3.44,few clouds
59,Rosarito,MX,32.3333,-117.0333,66.63,63,78,6.42,broken clouds
60,Fortuna,US,40.5982,-124.1573,55.74,86,75,5.01,moderate rain
61,Vaini,TO,-21.2,-175.2,86.16,89,20,9.22,few clouds
62,Arraial Do Cabo,BR,-22.9661,-42.0278,75.56,92,100,12.77,overcast clouds
63,Keffi,NG,8.8486,7.8736,75.51,30,0,4.14,clear sky
64,Margate,GB,51.3813,1.3862,39.31,66,100,15.88,overcast clouds
65,Baykit,RU,61.67,96.37,-23.55,99,35,2.19,scattered clouds
66,Quatre Cocos,MU,-20.2078,57.7625,79.09,85,100,13.11,light rain
67,Puerto Ayora,EC,-0.7393,-90.3518,69.89,90,99,5.88,overcast clouds
68,The Pas,CA,53.8251,-101.2541,-0.38,78,90,4.61,overcast clouds
69,Butaritari,KI,3.0707,172.7902,81.07,76,97,5.48,overcast clouds
70,Priyutnoye,RU,46.1011,43.5072,20.19,64,50,11.18,scattered clouds
71,Maumere,ID,-8.6199,122.2111,85.86,69,100,1.32,overcast clouds
72,Thinadhoo,MV,0.5333,72.9333,80.2,73,67,2.28,broken clouds
73,Lavrentiya,RU,65.5833,-171.0,-2.29,97,100,14.9,snow
74,Gasa,PS,31.5,34.4667,54.88,52,94,10.92,overcast clouds
75,Barrow,US,71.2906,-156.7887,-7.58,77,90,17.27,mist
76,Narsaq,GL,60.9167,-46.05,44.82,61,100,16.58,light rain
77,Bol,TD,13.4586,14.7147,69.51,34,0,18.28,clear sky
78,Port Alfred,ZA,-33.5906,26.891,66.02,87,77,8.63,light rain
79,Mount Darwin,ZW,-16.7725,31.5838,69.71,87,100,2.15,light rain
80,Hermanus,ZA,-34.4187,19.2345,64.8,86,100,13.4,overcast clouds
81,Luderitz,NA,-26.6481,15.1594,60.84,87,4,5.48,clear sky
82,Bredasdorp,ZA,-34.5322,20.0403,65.52,82,100,11.5,light rain
83,Kamiiso,JP,41.8167,140.65,28.78,64,40,16.11,light snow
84,Mumford,GH,5.2618,-0.759,78.78,77,97,4.43,overcast clouds
85,Cape Town,ZA,-33.9258,18.4232,66.88,79,0,4.0,clear sky
86,Yatou,CN,37.15,122.3833,42.19,69,94,2.1,overcast clouds
87,Tasiilaq,GL,65.6145,-37.6368,24.96,53,0,5.57,clear sky
88,Tuktoyaktuk,CA,69.4541,-133.0374,-5.8,77,90,21.85,light snow
89,Saint-Pierre,RE,-21.3393,55.4781,78.44,81,0,6.91,clear sky
90,Tabou,CI,4.423,-7.3528,80.78,80,53,6.29,broken clouds
91,Binga,ZW,-17.6203,27.3414,70.61,90,100,4.12,light rain
92,Aklavik,CA,68.2191,-135.0107,-6.88,76,20,6.91,few clouds
93,Faanui,PF,-16.4833,-151.75,82.15,71,100,11.05,overcast clouds
94,Vardo,NO,70.3705,31.1107,22.23,68,100,10.58,light snow
95,Inirida,CO,3.8653,-67.9239,75.74,96,61,1.61,broken clouds
96,Viedma,AR,-40.8135,-62.9967,67.57,40,0,12.21,clear sky
97,Upernavik,GL,72.7868,-56.1549,21.87,68,68,5.75,broken clouds
98,Nelson Bay,AU,-32.7167,152.15,82.76,82,100,12.77,overcast clouds
99,Clyde River,CA,70.4692,-68.5914,14.23,79,93,16.11,light snow
100,Petropavlovsk-Kamchatskiy,RU,53.0452,158.6483,10.99,73,75,8.95,light snow
101,Leningradskiy,RU,69.3833,178.4167,-16.65,98,100,8.39,overcast clouds
102,Loksa,EE,59.5764,25.7214,23.94,82,95,18.37,light snow
103,New Norfolk,AU,-42.7826,147.0587,66.7,29,11,1.3,few clouds
104,Lebu,CL,-37.6167,-73.65,56.14,95,16,13.02,few clouds
105,Tulun,RU,54.5611,100.5792,-27.13,100,17,2.95,few clouds
106,Geraldton,AU,-28.7667,114.6,77.41,61,9,8.05,clear sky
107,Nara,JP,34.6851,135.8049,47.5,49,5,1.36,clear sky
108,Rantepao,ID,-2.9701,119.8978,77.58,68,100,1.74,overcast clouds
109,Victoria,HK,22.2855,114.1577,68.25,81,100,1.99,overcast clouds
110,Jharsuguda,IN,21.85,84.0333,50.4,43,0,3.22,clear sky
111,Vostok,RU,46.4856,135.8833,-12.86,86,8,2.86,clear sky
112,Tiarei,PF,-17.5333,-149.3333,87.82,73,79,12.53,broken clouds
113,Korgen,NO,66.0771,13.8153,15.33,97,100,5.95,light snow
114,Kaitangata,NZ,-46.2817,169.8464,65.93,42,88,9.04,overcast clouds
115,Ikalamavony,MG,-21.15,46.5833,68.81,84,73,3.58,broken clouds
116,Krasnooktyabrskiy,RU,44.9328,38.3712,20.95,65,8,4.76,clear sky
117,Carnarvon,AU,-24.8667,113.6333,75.27,78,75,17.27,broken clouds
118,Beniganj,IN,27.2833,80.45,52.61,41,6,2.26,clear sky
119,Ketchikan,US,55.3422,-131.6461,30.67,69,1,9.22,clear sky
120,Puerto Escondido,MX,15.85,-97.0667,81.43,69,20,6.91,few clouds
121,Bathsheba,BB,13.2167,-59.5167,81.21,74,40,24.16,scattered clouds
122,Fairbanks,US,64.8378,-147.7164,-6.02,76,90,4.61,overcast clouds
123,Mahebourg,MU,-20.4081,57.7,79.25,94,75,8.05,broken clouds
124,Lingyuan,CN,41.24,119.4011,17.1,55,100,3.29,overcast clouds
125,Champerico,GT,14.3,-91.9167,81.36,72,15,3.13,few clouds
126,Jiuquan,CN,39.7432,98.5174,22.42,35,26,2.3,scattered clouds
127,Cam Ranh,VN,11.9214,109.1591,71.56,94,75,4.61,broken clouds
128,Kodiak,US,57.79,-152.4072,36.91,75,90,0.0,overcast clouds
129,Saskylakh,RU,71.9167,114.0833,-30.82,100,32,4.45,scattered clouds
130,Touros,BR,-5.1989,-35.4608,81.5,79,99,11.83,overcast clouds
131,Turayf,SA,31.6725,38.6637,43.05,93,20,4.61,few clouds
132,Nyurba,RU,63.2842,118.3319,-37.48,100,93,1.95,overcast clouds
133,Sistranda,NO,63.7256,8.834,28.36,71,93,6.87,overcast clouds
134,Baruun-Urt,MN,46.6806,113.2792,-5.37,80,9,7.85,clear sky
135,Tashara,RU,55.5195,83.5094,9.23,90,5,6.29,clear sky
136,Muros,ES,42.7762,-9.0603,60.24,94,100,25.05,overcast clouds
137,Nuuk,GL,64.1835,-51.7216,34.41,93,75,10.36,broken clouds
138,Maragogi,BR,-9.0122,-35.2225,78.78,83,70,9.33,broken clouds
139,Najran,SA,17.4924,44.1277,56.05,48,0,2.39,clear sky
140,Atuona,PF,-9.8,-139.0333,78.84,76,11,19.75,few clouds
141,Shingu,JP,33.7333,135.9833,47.39,54,0,0.98,clear sky
142,Alugan,PH,12.2188,125.4808,80.31,75,99,9.37,overcast clouds
143,Mao,ES,39.8885,4.2658,54.16,94,90,2.3,overcast clouds
144,Labuhan,ID,-6.8844,112.2051,82.33,75,100,5.17,overcast clouds
145,Xixiang,CN,35.1628,112.865,39.0,60,100,2.1,overcast clouds
146,Nikolskoye,RU,59.7035,30.7861,7.92,98,99,4.76,overcast clouds
147,Yaan,NG,7.3833,8.5667,78.21,27,54,3.71,broken clouds
148,Samarai,PG,-10.6167,150.6667,84.4,70,83,4.9,broken clouds
149,Mersing,MY,2.4312,103.8405,75.11,100,40,3.44,scattered clouds
150,Ratnagiri,IN,16.9833,73.3,70.54,76,0,4.68,clear sky
151,Chuy,UY,-33.6971,-53.4616,64.0,80,0,7.34,clear sky
152,Codrington,AU,-38.2667,141.9667,64.24,54,86,11.7,overcast clouds
153,Lorengau,PG,-2.0226,147.2712,84.29,77,100,8.95,overcast clouds
154,Caluquembe,AO,-13.7833,14.6833,59.43,88,100,3.76,overcast clouds
155,Korla,CN,41.7597,86.1469,22.41,72,47,6.96,scattered clouds
156,Ahipara,NZ,-35.1667,173.1667,72.91,62,100,11.54,overcast clouds
157,Terney,RU,45.0503,136.6092,2.48,63,0,14.16,clear sky
158,Norman Wells,CA,65.282,-126.8329,-3.96,77,90,6.91,light snow
159,Grindavik,IS,63.8424,-22.4338,30.67,80,0,9.22,clear sky
160,Sinnamary,GF,5.3833,-52.95,77.52,91,100,9.6,overcast clouds
161,Anadyr,RU,64.75,177.4833,5.5,77,90,22.37,snow
162,Olafsvik,IS,64.8945,-23.7142,33.37,74,4,11.72,clear sky
163,Namibe,AO,-15.1961,12.1522,67.44,76,39,8.21,scattered clouds
164,Khorixas,NA,-20.3667,14.9667,63.5,37,0,2.84,clear sky
165,Voh,NC,-20.9667,164.7,85.73,65,47,3.85,scattered clouds
166,Tarakan,ID,3.3,117.6333,81.9,89,40,3.44,scattered clouds
167,Ponazyrevo,RU,58.3578,46.3142,-5.19,99,95,4.18,overcast clouds
168,Bandarbeyla,SO,9.4942,50.8122,75.54,72,14,13.91,few clouds
169,Gelibolu,TR,40.4103,26.6708,37.26,70,49,8.12,scattered clouds
170,Pitimbu,BR,-7.4706,-34.8086,81.19,80,92,10.07,overcast clouds
171,Aksu,CN,41.1231,80.2644,22.08,56,1,1.68,clear sky
172,Beruwala,LK,6.4788,79.9828,74.35,89,100,2.89,overcast clouds
173,Rio Gallegos,AR,-51.6226,-69.2181,68.05,45,40,14.97,scattered clouds
174,Eureka,US,40.8021,-124.1637,56.01,82,100,1.01,moderate rain
175,Arlit,NE,18.7369,7.3853,63.27,14,100,4.72,overcast clouds
176,Humaita,BR,-7.5061,-63.0208,74.86,98,100,1.1,light rain
177,Tiradentes,BR,-21.1103,-44.1781,65.52,90,96,2.55,overcast clouds
178,Hami,CN,42.8,93.45,24.85,54,1,2.21,clear sky
179,Bambanglipuro,ID,-7.95,110.2833,80.26,79,95,2.42,overcast clouds
180,Pevek,RU,69.7008,170.3133,-15.34,99,100,5.7,overcast clouds
181,Auki,SB,-8.7676,160.7034,84.34,67,97,5.93,overcast clouds
182,Bubaque,GW,11.2833,-15.8333,81.36,61,15,6.35,few clouds
183,Porto Belo,BR,-27.1578,-48.5531,73.38,84,100,10.25,overcast clouds
184,Normandin,CA,48.8333,-72.5321,17.91,86,99,6.91,overcast clouds
185,Brainerd,US,46.358,-94.2008,17.85,73,1,3.44,clear sky
186,Monticello,US,45.3055,-93.7941,24.71,80,1,5.75,clear sky
187,Cabo San Lucas,MX,22.8909,-109.9124,76.3,53,1,3.44,clear sky
188,Taltal,CL,-25.4,-70.4833,66.31,77,100,0.74,overcast clouds
189,Saint-Philippe,RE,-21.3585,55.7679,78.35,87,100,10.45,overcast clouds
190,Ancud,CL,-41.8697,-73.8203,62.13,91,10,2.53,clear sky
191,Taoudenni,ML,22.6783,-3.9836,69.1,27,100,10.92,overcast clouds
192,Caravelas,BR,-17.7125,-39.2481,77.63,86,98,11.43,moderate rain
193,Camacha,PT,33.0833,-16.3333,62.53,94,40,10.36,scattered clouds
194,Alegrete,BR,-29.7831,-55.7919,76.14,35,88,12.64,overcast clouds
195,Sitka,US,57.0531,-135.33,33.69,29,1,0.0,clear sky
196,Qaanaaq,GL,77.484,-69.3632,25.47,60,100,12.3,overcast clouds
197,Vao,NC,-22.6667,167.4833,75.99,70,0,10.51,clear sky
198,Port Pirie,AU,-33.1833,138.0167,71.69,30,10,5.32,clear sky
199,Lagoa,PT,39.05,-27.9833,59.34,78,20,40.56,few clouds
200,Raudeberg,NO,61.9875,5.1352,36.27,96,75,6.15,broken clouds
201,Hualmay,PE,-11.0964,-77.6139,69.26,82,77,6.96,broken clouds
202,Knyaginino,RU,55.8228,45.0349,-9.89,98,100,6.4,overcast clouds
203,Parabel,RU,58.6978,81.4825,8.37,89,65,15.08,broken clouds
204,El Tocuyo,VE,9.7873,-69.7937,73.67,86,100,1.9,overcast clouds
205,Guerrero Negro,MX,27.9769,-114.0611,63.25,72,100,10.31,overcast clouds
206,Mahina,PF,-17.5065,-149.489,87.57,62,75,16.11,broken clouds
207,Sorland,NO,67.667,12.6934,39.34,73,100,32.59,light rain
208,Tadine,NC,-21.55,167.8833,80.35,77,77,10.96,light rain
209,Adrar,MR,20.5022,-10.0711,65.25,30,0,9.42,clear sky
210,Lisakovsk,KZ,52.5369,62.4936,7.02,91,100,5.48,overcast clouds
211,Coolum Beach,AU,-26.5333,153.1,86.07,74,100,1.01,overcast clouds
212,Kavieng,PG,-2.5744,150.7967,83.95,77,100,6.06,light rain
213,Olinda,BR,-8.0089,-34.8553,82.13,78,40,4.61,light rain
214,Palmer,US,42.1584,-72.3287,33.73,56,20,4.0,few clouds
215,Inhambane,MZ,-23.865,35.3833,75.49,79,100,11.52,overcast clouds
216,Oskarshamn,SE,57.2645,16.4484,29.8,89,100,5.55,overcast clouds
217,Laguna,US,38.421,-121.4238,56.44,86,90,1.99,mist
218,Koumac,NC,-20.5667,164.2833,83.55,68,27,5.37,scattered clouds
219,Skjervoy,NO,70.0311,20.9714,21.67,78,100,28.88,light snow
220,Half Moon Bay,US,37.4636,-122.4286,60.98,96,90,3.0,fog
221,Inverness,GB,57.4791,-4.224,34.21,96,90,2.3,overcast clouds
222,Misratah,LY,32.3754,15.0925,58.84,43,100,5.19,overcast clouds
223,Miyako,JP,39.6367,141.9525,37.42,46,9,7.56,clear sky
224,Hasaki,JP,35.7333,140.8333,45.28,44,0,10.98,clear sky
225,Benguela,AO,-12.5763,13.4055,73.71,77,100,4.09,overcast clouds
226,Sarkand,KZ,45.41,79.9186,38.14,72,100,6.35,overcast clouds
227,Sunrise Manor,US,36.2111,-115.0731,56.71,36,75,10.36,broken clouds
228,Mayskiy,RU,47.6931,40.1025,8.01,82,23,7.36,few clouds
229,Haines Junction,CA,60.7522,-137.5108,-25.65,68,73,1.14,broken clouds
230,Esperance,AU,-33.8667,121.9,67.84,59,47,8.48,scattered clouds
231,Matara,LK,5.9485,80.5353,74.53,89,65,3.31,broken clouds
232,Marseille,FR,43.3333,5.5,45.84,90,100,6.55,overcast clouds
233,Longyearbyen,SJ,78.2186,15.6401,6.64,61,0,20.71,clear sky
234,Moreira Sales,BR,-24.0622,-53.0069,77.97,54,10,10.71,clear sky
235,Nyrob,RU,60.733,56.7202,-8.54,100,100,3.36,overcast clouds
236,Saldanha,ZA,-33.0117,17.9442,64.45,92,6,8.77,clear sky
237,Morant Bay,JM,17.8815,-76.4093,78.42,82,17,2.15,few clouds
238,Salalah,OM,17.0151,54.0924,68.09,77,0,3.44,clear sky
239,Pemangkat,ID,1.1667,108.9667,80.46,82,22,4.54,few clouds
240,Lincoln,US,40.8,-96.667,46.29,50,1,3.0,clear sky
241,Rawah,IQ,34.4816,41.9093,48.83,74,100,12.01,overcast clouds
242,Lata,PT,40.1629,-8.3327,59.92,86,100,7.16,overcast clouds
243,Puerto Leguizamo,CO,-0.1934,-74.7819,78.8,76,100,3.36,overcast clouds
244,Airai,TL,-8.9266,125.4092,67.24,76,100,1.7,overcast clouds
245,Halifax,CA,44.6453,-63.5724,40.21,94,100,8.01,overcast clouds
246,Tuatapere,NZ,-46.1333,167.6833,58.82,52,86,12.57,overcast clouds
247,Flin Flon,CA,54.7682,-101.865,-2.36,71,90,5.75,light snow
248,Aykhal,RU,66.0,111.5,-20.25,99,5,4.92,clear sky
249,Pundaguitan,PH,6.3711,126.1689,80.26,76,100,4.92,overcast clouds
250,Bambous Virieux,MU,-20.3428,57.7575,79.21,94,75,8.05,broken clouds
251,Hithadhoo,MV,-0.6,73.0833,81.03,73,99,3.67,overcast clouds
252,Chadan,RU,51.2833,91.5833,-8.99,98,99,3.04,overcast clouds
253,Sao Felix Do Xingu,BR,-6.6447,-51.995,73.78,96,100,0.6,overcast clouds
254,Wuda,CN,39.4994,106.7117,28.47,47,100,4.27,overcast clouds
255,Kudahuvadhoo,MV,2.6708,72.8944,82.08,70,64,9.33,broken clouds
256,Oktyabrskoye,RU,43.0645,44.7417,5.14,92,15,11.18,few clouds
257,Katsuura,JP,35.1333,140.3,52.2,46,84,10.58,broken clouds
258,Mount Pleasant,US,32.7941,-79.8626,48.34,93,1,0.0,clear sky
259,Penzance,GB,50.1186,-5.5371,52.77,93,100,24.56,overcast clouds
260,Shache,CN,38.4167,77.2406,26.87,51,100,2.59,overcast clouds
261,Yar-Sale,RU,66.8333,70.8333,23.2,96,100,12.55,light snow
262,Praxedis Guerrero,MX,31.3667,-106.0167,66.56,19,82,5.21,broken clouds
263,Princeton,US,25.5384,-80.4089,66.2,75,1,4.61,clear sky
264,Menongue,AO,-14.6585,17.691,63.39,95,100,4.21,overcast clouds
265,Cabra,ES,37.4725,-4.4421,53.4,88,92,2.55,overcast clouds
266,Fairmont,US,39.4851,-80.1426,31.41,61,0,1.99,clear sky
267,Ambilobe,MG,-13.2,49.05,76.82,89,98,4.7,light rain
268,Pemba,MZ,-12.974,40.5178,79.5,94,20,4.61,few clouds
269,Siocon,PH,7.7061,122.1353,82.22,73,44,4.12,scattered clouds
270,Dong Hoi,VN,17.4833,106.6,68.43,83,100,5.32,overcast clouds
271,Talara,PE,-4.5772,-81.2719,70.56,78,75,6.91,broken clouds
272,Ribeira Brava,PT,32.65,-17.0667,66.7,89,100,8.34,overcast clouds
273,Prainha,BR,-1.8,-53.48,78.31,79,100,4.94,overcast clouds
274,Mozarlandia,BR,-14.7447,-50.5706,74.35,94,100,4.21,overcast clouds
275,Vangaindrano,MG,-23.35,47.6,73.17,89,11,5.26,few clouds
276,Komsomolskiy,UZ,40.4272,71.7189,38.55,69,100,6.91,mist
277,Tautira,PF,-17.7333,-149.15,87.82,72,99,13.49,overcast clouds
278,Los Lunas,US,34.8062,-106.7334,55.26,27,100,0.38,overcast clouds
279,Hovd,MN,48.0056,91.6419,6.85,76,16,5.66,few clouds
280,Porto Torres,IT,40.835,8.3972,44.78,75,80,4.88,broken clouds
281,Ternate,ID,0.8,127.4,81.43,81,100,8.32,overcast clouds
282,Kahului,US,20.8947,-156.47,76.26,83,40,18.41,scattered clouds
283,Ruteng,ID,-8.6136,120.4721,75.18,63,100,2.51,overcast clouds
284,Richards Bay,ZA,-28.783,32.0377,68.34,95,88,4.14,light rain
285,Coahuayana,MX,18.7333,-103.6833,72.23,85,0,1.41,clear sky
286,San Policarpo,PH,12.1791,125.5072,80.55,74,100,9.98,overcast clouds
287,Malvern,US,34.3623,-92.813,47.12,74,0,3.36,clear sky
288,Alice Springs,AU,-23.7,133.8833,89.15,29,88,10.36,light rain
289,Tiksi,RU,71.6872,128.8694,-13.49,96,100,7.65,overcast clouds
290,Salinas,US,36.6777,-121.6555,61.16,84,90,11.5,light rain
291,Euclides Da Cunha,BR,-10.5075,-39.0158,71.13,85,47,2.62,scattered clouds
292,Souillac,MU,-20.5167,57.5167,79.36,94,75,8.05,broken clouds
293,Smithers,CA,54.7804,-127.1743,8.92,92,20,2.3,few clouds
294,Henties Bay,NA,-22.116,14.2845,63.86,85,0,5.37,clear sky
295,Kieta,PG,-6.2167,155.6333,85.41,75,100,1.66,moderate rain
296,Bousso,TD,10.4795,16.7117,74.03,21,85,7.4,overcast clouds
297,Balikpapan,ID,-1.2675,116.8289,72.59,94,20,0.0,few clouds
298,Gat,IL,31.61,34.7642,55.4,100,100,7.16,overcast clouds
299,Raga,SS,8.4596,25.678,73.02,22,95,8.3,overcast clouds
300,Keti Bandar,PK,24.1447,67.4497,72.16,79,5,9.95,clear sky
301,Bengkulu,ID,-3.8004,102.2655,77.09,87,99,7.49,overcast clouds
302,Iqaluit,CA,63.7506,-68.5145,-8.37,96,67,3.4,broken clouds
303,Nokaneng,BW,-19.6667,22.2667,69.66,77,99,7.99,overcast clouds
304,Provideniya,RU,64.3833,-173.3,5.36,85,90,29.08,light snow
305,Ankang,CN,32.68,109.0172,46.18,64,100,1.72,overcast clouds
306,Georgetown,MY,5.4112,100.3354,78.89,88,20,1.99,few clouds
307,Sola,VU,-13.8833,167.55,84.87,79,75,0.0,broken clouds
308,Kamenka,RU,51.3223,42.7678,-0.15,97,93,7.31,overcast clouds
309,San Patricio,US,28.017,-97.5169,69.78,80,0,9.13,clear sky
310,Ulaanbaatar,MN,47.9077,106.8832,-8.09,95,13,2.75,few clouds
311,Porto Novo,BJ,6.4965,2.6036,77.38,49,100,3.38,overcast clouds
312,Vagur,FO,61.4732,-6.8119,39.67,63,80,22.66,broken clouds
313,Ewa Beach,US,21.3156,-158.0072,80.55,54,1,12.66,clear sky
314,Mirandopolis,BR,-21.1336,-51.1017,81.16,52,14,7.63,few clouds
315,Muli,MV,2.9167,73.5667,82.06,69,92,8.66,overcast clouds
316,Taunggyi,MM,20.7833,97.0333,50.85,90,0,3.06,clear sky
317,Ugoofaaru,MV,5.6667,73.0,80.8,72,77,10.09,broken clouds
318,Pangkalanbuun,ID,-2.6833,111.6167,81.07,82,95,2.33,overcast clouds
319,Dalvik,IS,65.9702,-18.5286,15.73,85,19,9.57,few clouds
320,Ulladulla,AU,-35.35,150.4667,72.77,95,100,1.99,overcast clouds
321,Lardos,GR,36.0942,28.0157,49.82,59,4,17.45,clear sky
322,Isetskoye,RU,56.4858,65.3226,1.69,95,6,7.67,clear sky
323,Krasnoselkup,RU,65.7,82.4667,8.06,88,100,24.54,overcast clouds
324,Sarai,RU,53.7458,41.0213,-3.87,95,99,8.7,overcast clouds
325,Emba,KZ,48.8264,58.1442,24.04,82,100,8.05,overcast clouds
326,Ishigaki,JP,24.3448,124.1572,73.53,88,40,17.27,scattered clouds
327,Cidreira,BR,-30.1811,-50.2056,69.26,74,0,11.14,clear sky
328,Nanortalik,GL,60.1432,-45.2371,36.25,73,100,12.1,overcast clouds
329,Sirajganj,BD,24.45,89.7167,64.04,68,4,3.8,clear sky
330,Arman,RU,59.7,150.1667,-1.61,79,100,14.67,overcast clouds
331,Nome,US,64.5011,-165.4064,17.67,86,90,16.11,snow
332,Kavaratti,IN,10.5669,72.642,78.84,61,100,2.98,overcast clouds
333,Aleksandrov Gay,RU,50.147,48.5704,10.17,73,100,17.43,overcast clouds
334,Pacaembu,BR,-21.5622,-51.2606,81.21,49,28,5.66,scattered clouds
335,San Quintin,MX,30.4833,-115.95,60.75,75,100,6.91,overcast clouds
336,Labuan,MY,5.2767,115.2417,82.76,88,20,0.0,few clouds
337,Seoul,KR,37.5683,126.9778,35.04,86,0,2.3,clear sky
338,Nhulunbuy,AU,-12.2333,136.7667,90.21,58,75,8.05,broken clouds
339,Lexington,US,37.9887,-84.4777,30.2,53,1,0.0,clear sky
340,Jacareacanga,BR,-6.2222,-57.7528,76.77,92,100,2.46,heavy intensity rain
341,Maceio,BR,-9.6658,-35.7353,80.04,83,40,4.61,scattered clouds
342,Acapulco,MX,16.8634,-99.8901,82.22,78,20,4.61,few clouds
343,Luganville,VU,-15.5333,167.1667,85.73,70,28,6.11,scattered clouds
344,Ankazoabo,MG,-22.2833,44.5167,69.01,86,99,2.04,overcast clouds
345,Meulaboh,ID,4.1363,96.1285,76.73,85,100,3.94,overcast clouds
346,Bethel,US,41.3712,-73.414,35.49,56,0,1.99,clear sky
347,Baghdad,IQ,33.3406,44.4009,53.53,51,42,3.8,scattered clouds
348,Punta De Bombon,PE,-17.1717,-71.7931,68.67,79,100,4.32,overcast clouds
349,Calebasses,MU,-20.1117,57.5539,78.85,83,100,12.62,overcast clouds
350,Westport,US,41.1415,-73.3579,37.74,51,20,4.0,few clouds
351,Avera,US,33.194,-82.5271,49.71,61,0,7.49,clear sky
352,Wattegama,LK,6.7989,81.4808,72.52,87,19,3.33,few clouds
353,Bonito,BR,-21.1211,-56.4819,78.51,73,100,5.59,moderate rain
354,Turukhansk,RU,65.8167,87.9833,9.27,65,100,18.79,overcast clouds
355,Caernarfon,GB,53.1413,-4.2702,50.61,81,75,16.11,broken clouds
356,Castrillon,ES,43.3979,-6.7922,54.14,83,100,6.13,overcast clouds
357,Muravlenko,RU,63.7898,74.523,19.62,91,100,23.73,overcast clouds
358,Batsfjord,NO,70.6345,29.7185,18.72,86,100,14.76,light snow
359,Spencer,US,43.1414,-95.1444,36.72,63,75,5.75,broken clouds
360,Itarema,BR,-2.9248,-39.9167,80.33,79,21,12.8,few clouds
361,Deputatskiy,RU,69.3,139.9,-25.17,96,97,5.84,overcast clouds
362,Isla Vista,US,34.4133,-119.861,63.12,75,90,0.0,moderate rain
363,Zalantun,CN,48.0,122.7167,-10.64,82,10,5.1,clear sky
364,Maun,BW,-19.9833,23.4167,69.76,100,0,5.75,clear sky
365,Roma,US,43.2128,-75.4557,31.12,77,75,1.01,broken clouds
366,Solnechnyy,RU,50.7214,136.6319,-11.61,91,88,2.51,overcast clouds
367,Dunedin,NZ,-45.8742,170.5036,62.8,72,100,8.01,overcast clouds
368,Chumikan,RU,54.7183,135.315,-15.38,92,100,18.5,overcast clouds
369,Las Conchas,AR,-25.9948,-65.8276,67.87,80,100,5.5,overcast clouds
370,Isangel,VU,-19.55,169.2667,80.71,89,75,2.3,broken clouds
371,San Carlos Park,US,26.4673,-81.8015,65.97,76,1,3.44,clear sky
372,Nuzvid,IN,16.7833,80.85,61.65,67,5,1.61,clear sky
373,Lipin Bor,RU,60.2622,37.9763,12.65,92,100,9.82,overcast clouds
374,Mehamn,NO,71.0357,27.8492,17.28,67,100,11.56,snow
375,Bima,ID,-8.4667,118.7167,85.19,74,100,3.11,overcast clouds
376,Goroka,PG,-6.0834,145.3873,75.34,71,100,2.21,overcast clouds
377,Tonantins,BR,-2.8731,-67.8022,75.63,97,100,2.59,overcast clouds
378,Inta,RU,66.0317,60.1659,-9.98,100,90,6.53,overcast clouds
379,Yemtsa,RU,63.0734,40.3329,15.53,88,100,7.67,overcast clouds
380,Altay,CN,47.8667,88.1167,18.86,60,89,8.19,overcast clouds
381,Chapais,CA,49.7834,-74.8492,6.58,91,100,12.53,overcast clouds
382,Marrakesh,MA,31.6315,-8.0083,57.27,77,40,3.44,scattered clouds
383,Ostrovnoy,RU,68.0531,39.5131,17.29,94,100,6.51,light snow
384,Ormara,PK,25.2088,64.6357,73.44,78,2,3.87,clear sky
385,Dudinka,RU,69.4058,86.1778,7.63,89,100,26.4,light snow
386,Darlowo,PL,54.421,16.4107,30.94,83,100,13.04,overcast clouds
387,Khasan,RU,42.4308,130.6434,14.68,49,100,11.34,overcast clouds
388,Emborion,GR,40.4833,21.55,25.84,60,0,2.21,clear sky
389,Rocha,UY,-34.4833,-54.3333,60.31,92,0,2.8,clear sky
390,Lumby,CA,50.2498,-118.969,29.41,81,100,2.3,overcast clouds
391,Yurla,RU,59.3259,54.3223,-15.21,98,77,3.76,broken clouds
392,Fereydun Kenar,IR,36.6864,52.5225,54.03,66,100,8.16,overcast clouds
393,Kemijarvi,FI,66.7131,27.4306,9.18,89,100,5.32,overcast clouds
394,Padang,ID,-0.9492,100.3543,73.45,88,100,3.44,light rain
395,Karratha,AU,-20.7377,116.8463,95.92,15,0,6.8,clear sky
396,Gombe,NG,10.2897,11.1673,67.87,29,0,8.37,clear sky
397,Vila,PT,42.0304,-8.1588,49.33,85,100,5.57,overcast clouds
398,Tevriz,RU,57.509,72.4042,25.21,95,100,6.42,overcast clouds
399,Salta,AR,-24.7859,-65.4117,71.89,85,75,6.91,broken clouds
400,Sehithwa,BW,-20.4667,22.7167,71.35,69,100,4.99,overcast clouds
401,Marzuq,YE,14.4,46.4667,61.59,46,7,3.42,clear sky
402,Bundaberg,AU,-24.85,152.35,84.49,51,19,4.61,few clouds
403,Werder,DE,52.3787,12.934,31.46,80,100,5.57,overcast clouds
404,Aguas Verdes,PE,-3.4814,-80.245,73.67,83,90,4.61,overcast clouds
405,Phalombe,MW,-15.8064,35.6507,69.04,93,94,1.52,light rain
406,Moerai,PF,-22.4333,-151.3333,78.21,80,100,14.47,moderate rain
407,Leh,IN,34.1667,77.5833,9.79,86,100,1.28,overcast clouds
408,Camapua,BR,-19.5314,-54.0439,72.16,95,100,4.72,overcast clouds
409,Marystown,CA,47.1666,-55.1483,35.85,100,100,10.0,overcast clouds
410,Medea,DZ,36.2642,2.7539,37.85,77,86,2.84,overcast clouds
411,Port Elizabeth,ZA,-33.918,25.5701,64.09,94,0,3.44,light rain
412,Nantucket,US,41.2835,-70.0995,41.09,73,5,32.55,clear sky
413,Kamloops,CA,50.6665,-120.3192,31.59,74,75,20.71,broken clouds
414,Sabaudia,IT,41.3003,13.0282,49.77,76,47,6.06,scattered clouds
415,Markova,UA,48.6758,24.4138,7.05,90,42,6.02,scattered clouds
416,Kamogawa,JP,35.1,140.1,52.14,45,93,9.8,overcast clouds
417,Saint-Joseph,RE,-21.3667,55.6167,77.36,86,100,3.71,overcast clouds
418,Gimli,CA,50.6336,-96.9907,8.62,78,100,3.44,overcast clouds
419,Estelle,US,29.8458,-90.1067,57.99,69,1,0.0,clear sky
420,Faratsiho,MG,-19.4,46.95,58.35,97,95,2.24,overcast clouds
421,Saint George,US,37.1041,-113.5841,48.63,49,1,1.99,clear sky
422,Chuguyevka,RU,44.1653,133.8633,-3.26,81,13,2.3,few clouds
423,Terenos,BR,-20.4422,-54.8603,80.31,73,75,9.22,light rain
424,Hun,LY,29.1268,15.9477,55.54,34,100,3.58,overcast clouds
425,Bilma,NE,18.6853,12.9164,59.72,23,31,6.85,scattered clouds
426,Muyuka,CM,4.2898,9.4103,76.6,69,78,2.55,broken clouds
427,Bitung,ID,1.4451,125.1824,77.85,78,80,8.5,broken clouds
428,Dicabisagan,PH,17.0818,122.4157,78.8,84,100,1.63,light rain
429,Sept-Iles,CA,50.2001,-66.3821,16.32,82,90,11.01,snow
430,Xiaoweizhai,CN,26.1903,107.5125,49.75,81,0,2.89,clear sky
431,Roebourne,AU,-20.7833,117.1333,97.02,14,0,3.2,clear sky
432,Viru,PE,-8.4167,-78.75,63.7,83,72,3.78,broken clouds
433,Berlevag,NO,70.8578,29.0864,19.0,81,100,19.06,snow
434,Kumla,SE,59.1277,15.1434,28.54,93,90,3.44,overcast clouds
435,Ponta Delgada,PT,37.7333,-25.6667,59.72,82,75,26.46,broken clouds
436,Methoni,GR,36.8197,21.7049,52.21,62,99,4.03,overcast clouds
437,Stephenville,US,32.2207,-98.2023,57.54,75,40,0.0,scattered clouds
438,Iowa City,US,41.6611,-91.5302,32.14,49,1,3.44,clear sky
439,Lokosovo,RU,61.1333,74.8167,26.26,94,100,17.0,light snow
440,Kaeo,NZ,-35.1,173.7833,82.33,56,100,6.73,overcast clouds
441,Wanaka,NZ,-44.7,169.15,62.02,45,77,2.06,broken clouds
442,La Esperanza,GT,14.8667,-91.5667,57.92,85,75,0.0,broken clouds
443,Ust-Uda,RU,54.1742,103.0304,-25.29,99,6,1.66,clear sky
444,Changde,CN,29.0464,111.6783,52.52,43,0,2.15,clear sky
445,Broken Hill,AU,-31.95,141.4333,82.11,24,96,9.22,overcast clouds
446,Northampton,US,40.8754,-75.2499,32.14,48,3,3.0,clear sky
447,Stellenbosch,ZA,-33.9346,18.8668,65.61,84,41,6.02,scattered clouds
448,Bahia Blanca,AR,-38.7196,-62.2724,69.73,37,0,9.95,clear sky
449,Swan River,CA,52.1058,-101.2676,4.89,85,100,11.5,overcast clouds
450,Rafsanjan,IR,30.4067,55.9939,48.07,47,100,1.59,overcast clouds
451,Mongoumba,CF,3.6415,18.5936,81.68,41,100,0.27,overcast clouds
452,Derzhavinsk,KZ,51.1,66.3167,19.11,97,100,5.21,overcast clouds
453,Maravilha,BR,-26.7608,-53.1725,75.61,76,100,1.68,overcast clouds
454,Portland,US,45.5234,-122.6762,48.85,93,90,3.0,overcast clouds
455,Nanakuli,US,21.3906,-158.1547,80.55,57,1,12.66,clear sky
456,Tual,ID,-5.6667,132.75,82.56,77,99,25.3,overcast clouds
457,Torbay,CA,47.6666,-52.7314,29.26,87,40,5.75,scattered clouds
458,Husavik,IS,66.0449,-17.3389,15.71,87,52,8.97,broken clouds
459,Tashla,RU,51.7716,52.7427,10.18,94,100,20.56,light snow
460,Chara,RU,56.9064,118.2631,-27.09,95,100,0.96,overcast clouds
461,Outjo,NA,-20.1167,16.15,65.05,35,0,6.44,clear sky
462,Verkhnetulomskiy,RU,68.6073,31.7962,12.33,100,89,2.68,overcast clouds
463,Mount Isa,AU,-20.7333,139.5,96.57,26,0,12.66,clear sky
464,Boguchany,RU,58.3814,97.4531,-32.37,100,24,3.31,few clouds
465,Nador,MA,35.174,-2.9287,57.45,88,0,5.75,clear sky
466,Sao Joao Da Barra,BR,-21.6403,-41.0511,76.3,94,92,10.07,overcast clouds
467,Kayerkan,RU,69.3497,87.7602,6.53,92,100,20.83,light snow
468,Burila Mare,RO,44.4528,22.5736,27.09,70,0,2.3,clear sky
469,Santa Maria Da Vitoria,BR,-13.3947,-44.1886,70.12,98,48,3.09,scattered clouds
470,Belyy Yar,RU,53.6039,91.3903,4.89,82,90,0.0,fog
471,Puri,IN,19.8,85.85,52.32,48,0,7.81,clear sky
472,Emerald,AU,-23.5333,148.1667,89.35,45,0,9.22,clear sky
473,Boa Vista,BR,2.8197,-60.6733,80.58,74,90,14.97,thunderstorm
474,Moron,AR,-34.6534,-58.6198,78.03,53,57,5.44,broken clouds
475,Tezu,IN,27.9167,96.1667,55.24,64,36,3.51,scattered clouds
476,Poum,NC,-20.2333,164.0167,81.36,75,14,10.07,few clouds
477,Fort Nelson,CA,58.8053,-122.7002,4.59,85,90,0.0,light snow
478,Chicama,PE,-7.8447,-79.1469,63.14,83,26,4.79,scattered clouds
479,Lasa,IT,46.6166,10.7002,25.68,38,14,2.93,few clouds
480,Valdivia,CL,-39.8142,-73.2459,58.32,88,9,1.59,clear sky
481,Sur,OM,22.5667,59.5289,71.67,49,12,1.63,few clouds
482,Pisco,PE,-13.7,-76.2167,68.05,83,20,16.11,few clouds
483,Jian,CN,27.1172,114.9793,53.91,73,62,0.47,broken clouds
484,Oranmore,IE,53.2683,-8.92,53.56,92,100,15.52,light rain
485,Leshukonskoye,RU,64.8989,45.7622,1.04,97,100,5.61,overcast clouds
486,Kampong Chhnang,KH,12.1667,104.55,73.67,90,100,4.68,overcast clouds
487,Udachnyy,RU,66.4167,112.4,-28.48,100,74,3.65,broken clouds
488,Bemidji,US,47.4736,-94.8803,17.69,82,1,4.61,clear sky
489,High Level,CA,58.5169,-117.136,1.51,85,90,3.44,overcast clouds
490,Erenhot,CN,43.6475,111.9767,12.38,60,100,11.59,overcast clouds
491,La Plata,AR,-34.9215,-57.9545,78.01,60,44,7.65,scattered clouds
492,Homa Bay,KE,-0.5273,34.4571,66.52,81,27,2.75,scattered clouds
493,Huarmey,PE,-10.0681,-78.1522,69.58,83,68,6.15,broken clouds
494,Comodoro Rivadavia,AR,-45.8667,-67.5,62.46,63,0,16.11,clear sky
495,Lakatoro,VU,-16.0999,167.4164,86.04,66,8,5.79,clear sky
496,Jiamusi,CN,46.8333,130.35,-14.28,92,6,1.86,clear sky
497,Vanimo,PG,-2.6741,141.3028,76.66,93,100,10.0,overcast clouds
498,Sakakah,SA,29.9697,40.2064,44.17,53,0,3.76,clear sky
499,Zabol,AF,32.25,67.25,42.48,45,26,8.79,scattered clouds
500,Mabaruma,GY,8.2,-59.7833,74.16,99,100,4.7,overcast clouds
501,Roald,NO,62.5833,6.1333,36.34,87,90,5.75,overcast clouds
502,Tayginka,RU,55.6244,60.5076,0.73,97,14,2.91,few clouds
503,Pochutla,MX,15.7432,-96.4661,78.82,84,41,1.66,scattered clouds
504,Nemuro,JP,43.3236,145.575,21.63,72,98,8.93,overcast clouds
505,Krasnoborsk,RU,61.5598,45.934,-10.01,96,100,3.69,overcast clouds
506,Eura,FI,61.1333,22.1333,29.98,93,100,12.75,light snow
507,Qui Nhon,VN,13.7667,109.2333,72.37,86,100,5.91,overcast clouds
508,Rawlins,US,41.7911,-107.2387,39.42,37,1,19.57,clear sky
509,Ascension,US,30.2169,-90.9001,54.0,74,1,0.0,clear sky
510,Guarapari,BR,-20.6667,-40.4975,78.89,95,85,6.64,overcast clouds
511,Faya,SA,18.3851,42.4509,52.32,71,0,3.53,clear sky
512,Kjollefjord,NO,70.9457,27.3465,17.51,70,100,13.98,snow
513,Yulara,AU,-25.2406,130.9889,87.64,29,75,6.91,broken clouds
514,Antsohihy,MG,-14.8796,47.9875,77.0,92,94,1.59,moderate rain
515,Gallup,US,35.5281,-108.7426,48.96,40,1,5.75,clear sky
516,Hailar,CN,49.2,119.7,-25.4,95,12,5.06,few clouds
517,Sungaipenuh,ID,-2.0833,101.3833,65.64,98,100,1.21,light rain
518,Sao Filipe,CV,14.8961,-24.4956,74.71,72,0,8.7,clear sky
519,Upington,ZA,-28.4478,21.2561,62.98,82,0,6.91,clear sky
520,Armidale,AU,-30.5167,151.65,67.8,73,87,7.11,light rain
521,Okhotsk,RU,59.3833,143.3,4.19,74,100,17.09,overcast clouds
522,Ocala,US,29.1872,-82.1401,55.92,78,1,3.44,clear sky
523,Dolgorukovo,RU,52.3195,38.3453,4.6,85,100,11.03,overcast clouds
524,Mantua,IT,45.1667,10.7833,41.74,80,95,4.23,overcast clouds
525,Bismarck,US,46.8083,-100.7837,26.82,80,90,5.01,overcast clouds
526,Leiyang,CN,26.4024,112.8591,55.92,68,25,2.68,scattered clouds
527,Coari,BR,-4.085,-63.1414,75.6,97,100,1.74,overcast clouds
528,Harper,LR,4.375,-7.7169,80.31,80,56,6.69,broken clouds
529,Hay River,CA,60.8156,-115.7999,-7.62,84,90,3.44,overcast clouds
530,Sekoma,BW,-24.4,23.8833,66.72,77,75,2.48,moderate rain
531,Puerto Madryn,AR,-42.7692,-65.0385,68.05,55,0,15.32,clear sky
532,Wenatchee,US,47.4235,-120.3103,36.21,83,90,0.0,overcast clouds
533,Kalmunai,LK,7.4167,81.8167,74.23,79,87,6.26,overcast clouds
534,Phan Thiet,VN,10.9333,108.1,76.39,80,18,6.33,few clouds
535,Nemchinovka,RU,55.7228,37.3664,0.99,86,100,6.71,light snow
536,Conde,BR,-7.2597,-34.9075,80.06,83,40,5.75,scattered clouds
537,Srednekolymsk,RU,67.45,153.6833,-24.0,99,100,7.4,overcast clouds
538,Sindor,RU,62.8629,51.8905,-4.25,98,97,3.38,overcast clouds
539,Pontes E Lacerda,BR,-15.2261,-59.3353,72.18,99,100,0.54,heavy intensity rain
540,Mombasa,KE,-4.0547,39.6636,75.81,90,100,4.07,moderate rain
541,Basse-Pointe,MQ,14.8695,-61.115,79.84,32,6,19.1,clear sky
542,Linqiong,CN,30.4159,103.4609,48.02,73,51,1.72,broken clouds
543,Vredendal,ZA,-31.6683,18.5012,65.35,85,83,5.93,broken clouds
544,Lethem,GY,3.3803,-59.7968,78.64,81,100,12.97,moderate rain
545,Verkhoyansk,RU,67.5447,133.385,-36.02,99,98,1.7,overcast clouds
546,Wenling,CN,28.3669,121.36,52.7,70,100,7.23,overcast clouds
547,Turiacu,BR,-1.6633,-45.3717,78.35,84,100,6.38,overcast clouds
548,Coquimbo,CL,-29.9533,-71.3436,63.07,81,26,2.48,scattered clouds
549,Sergach,RU,55.5308,45.4661,-8.59,95,100,7.54,overcast clouds
550,Bilibino,RU,68.0546,166.4372,-29.87,99,100,2.8,overcast clouds
551,Khani,GE,41.9563,42.9566,22.57,92,100,4.38,overcast clouds
552,La Ronge,CA,55.1001,-105.2842,-0.15,85,90,5.75,light snow
553,Progreso,MX,21.2833,-89.6667,69.75,62,0,7.4,clear sky
554,Grasse,FR,43.6667,6.9167,42.78,86,0,4.61,clear sky
555,Port Keats,AU,-14.25,129.55,89.31,65,100,0.65,overcast clouds
556,Dali,CN,25.7,100.1833,41.43,86,1,1.43,clear sky
557,Biltine,TD,14.5333,20.9167,68.27,17,0,10.27,clear sky
558,Zhaotong,CN,27.3167,103.7167,41.18,84,0,4.0,clear sky
559,Imbituba,BR,-28.24,-48.6703,73.29,87,4,11.7,clear sky
560,Santa Maria,BR,-29.6842,-53.8069,72.7,64,0,8.05,clear sky
561,Paamiut,GL,61.994,-49.6678,32.81,90,100,2.82,light snow
562,Adwa,ET,14.1646,38.8955,56.28,66,11,4.43,few clouds
563,San Cristobal,VE,7.7669,-72.225,75.38,94,99,2.19,overcast clouds
564,Mandalgovi,MN,45.7625,106.2708,2.55,57,5,7.96,clear sky
565,Port Hardy,CA,50.6996,-127.4199,39.2,100,75,3.44,broken clouds
566,Shiyan,CN,32.6475,110.7781,44.02,57,0,2.53,clear sky
567,Houma,US,29.5958,-90.7195,54.0,77,0,1.99,clear sky
568,Collie,AU,-33.3667,116.15,79.83,37,11,6.58,few clouds
569,Vestmannaeyjar,IS,63.4427,-20.2734,33.94,69,27,14.27,scattered clouds
570,Taksimo,RU,56.3444,114.8794,-25.69,93,99,1.5,overcast clouds
571,Jalingo,NG,8.8833,11.3667,74.53,26,3,4.85,clear sky
572,Mirnyy,RU,62.5353,113.9611,-27.06,99,93,3.6,overcast clouds
573,Barranca,PE,-10.75,-77.7667,68.88,80,99,5.66,overcast clouds
574,Bischwiller,FR,48.7659,7.8583,33.94,100,90,2.3,overcast clouds
575,Galesong,ID,-5.3166,119.3661,80.62,76,84,5.86,broken clouds
576,Asau,RO,46.4333,26.4,22.12,92,14,4.61,few clouds
577,Port Blair,IN,11.6667,92.75,75.97,80,94,7.07,overcast clouds
578,Pasighat,IN,28.0667,95.3333,54.03,55,22,3.56,few clouds
579,Grudziadz,PL,53.4841,18.7537,29.71,87,100,7.72,overcast clouds
580,Svetlogorsk,BY,52.6333,29.7333,12.06,93,7,5.93,clear sky
581,Ambanja,MG,-13.6833,48.45,77.07,91,98,2.68,light rain
582,Sergeyevka,KZ,53.88,67.4158,8.4,97,100,3.91,overcast clouds
583,Boffa,GN,10.1667,-14.0333,77.5,69,98,2.06,overcast clouds
584,Road Town,VG,18.4167,-64.6167,78.89,83,20,5.75,few clouds
585,Muisne,EC,0.6,-80.0333,74.73,86,100,7.07,overcast clouds
586,Yeniseysk,RU,58.4497,92.1703,-6.59,78,3,11.39,clear sky
587,Nedjo,ET,9.5046,35.5019,57.94,84,100,1.5,overcast clouds
588,Birin,NP,26.8865,88.0718,42.64,69,5,5.48,clear sky
589,Atyrau,KZ,47.1167,51.8833,15.82,86,75,15.66,broken clouds
590,Manama,BH,26.2154,50.5832,66.18,76,0,10.36,clear sky
591,Nizhniy Kuranakh,RU,58.8353,125.4869,-42.52,98,98,3.0,overcast clouds
592,Rock Hill,US,34.9249,-81.0251,49.95,47,1,6.91,clear sky
593,Haian,CN,32.5436,120.45,48.81,68,0,7.34,clear sky
594,Cotonou,BJ,6.3654,2.4183,80.49,56,91,3.4,overcast clouds
595,Santa Maria Del Oro,MX,25.9333,-105.3667,60.28,18,92,3.89,overcast clouds
596,Juneau,US,58.3019,-134.4197,17.83,90,20,0.0,fog
597,Kruisfontein,ZA,-34.0033,24.7314,61.88,92,97,5.61,light rain
598,Aukra,NO,62.7925,6.919,35.58,93,40,9.22,scattered clouds
599,Tura,IN,25.5198,90.2201,54.37,82,1,2.59,clear sky
600,Domoni,KM,-12.2569,44.5319,79.52,84,75,2.24,broken clouds
601,Vilhena,BR,-12.7406,-60.1458,69.98,99,100,2.39,overcast clouds
602,Christchurch,NZ,-43.5333,172.6333,66.47,62,40,5.99,scattered clouds
603,Sabang,ID,5.8933,95.3214,80.06,68,100,6.26,overcast clouds
604,Puerto Baquerizo Moreno,EC,-0.9,-89.6,69.82,89,93,7.4,overcast clouds
605,Mikumi,TZ,-7.4041,36.9831,71.69,91,100,4.56,overcast clouds
606,General Roca,AR,-39.0333,-67.5833,84.6,15,0,10.8,clear sky
607,Cascais,PT,38.6979,-9.4215,61.16,80,100,13.0,overcast clouds
608,Cabedelo,BR,-6.9811,-34.8339,81.27,80,79,10.6,broken clouds
609,Ixtapa,MX,20.7,-105.2,69.49,73,1,1.48,clear sky
610,Kozova,UA,49.4354,25.1509,15.51,98,83,4.61,broken clouds
611,Xuanzhou,CN,30.9525,118.7553,49.51,57,0,7.58,clear sky
612,Koplik,AL,42.2136,19.4364,29.8,59,1,2.98,clear sky
613,Sovetskiy,RU,61.3614,63.5842,-0.9,93,100,5.68,overcast clouds
614,Churapcha,RU,62.0025,132.4325,-52.91,100,73,4.43,broken clouds
615,Taian,CN,36.1853,117.12,40.19,68,5,2.98,clear sky
616,Ratnapura,LK,6.6828,80.3992,72.73,94,97,2.28,overcast clouds
617,College,US,64.8569,-147.8028,-1.34,78,90,4.61,overcast clouds
618,Filimonovo,RU,56.2011,95.4611,-15.56,93,14,5.59,few clouds
619,Kushiro,JP,42.975,144.3747,29.35,69,40,5.75,scattered clouds
620,Brzesko,PL,49.9691,20.6061,21.38,90,86,4.21,overcast clouds
621,Bangassou,CF,4.7413,22.8184,70.02,51,84,2.8,broken clouds
622,Liverpool,GB,53.4106,-2.9779,43.77,96,75,3.0,broken clouds
623,Ust-Omchug,RU,61.15,149.6333,-24.65,96,82,7.0,broken clouds
624,Oktyabrskiy,RU,54.4815,53.471,1.51,97,100,5.97,overcast clouds
625,Hermiston,US,45.8404,-119.2895,50.02,86,90,4.61,mist
626,Xique-Xique,BR,-10.8218,-42.7263,77.58,71,34,3.69,scattered clouds
627,Northam,GB,51.0333,-4.2167,51.01,91,100,14.2,overcast clouds
628,Bonavista,CA,48.6499,-53.1147,30.11,70,100,5.35,overcast clouds
629,Chiredzi,ZW,-21.05,31.6667,70.16,93,100,5.5,overcast clouds
630,Chokwe,MZ,-24.5333,32.9833,76.78,79,100,8.79,overcast clouds
631,Abha,SA,18.2164,42.5053,52.05,94,0,0.0,clear sky
632,Vasilyevo,RU,55.836,48.6582,-10.34,97,98,5.23,overcast clouds
633,Mount Gambier,AU,-37.8333,140.7667,66.11,52,40,11.5,scattered clouds
634,Port Hedland,AU,-20.3167,118.5667,89.65,70,0,10.36,clear sky
635,Nipawin,CA,53.3668,-104.0009,1.44,92,75,12.66,light snow
636,Gondar,ET,12.6,37.4667,57.56,61,9,4.45,clear sky
637,Alibag,IN,18.6411,72.8792,71.67,69,1,5.93,clear sky
638,Karatau,KZ,43.1667,70.4667,41.63,81,100,5.32,overcast clouds
639,Kamsack,CA,51.5667,-101.9009,12.65,95,100,5.59,overcast clouds
640,Boyabat,TR,41.4689,34.7667,27.68,83,100,3.4,overcast clouds
641,North Platte,US,41.1239,-100.7654,51.39,23,1,1.99,clear sky
642,Newport,GB,51.5877,-2.9984,47.19,91,100,4.61,overcast clouds
643,Sioux Lookout,CA,50.1001,-91.917,3.58,84,40,0.0,scattered clouds
644,Sao Gotardo,BR,-19.3111,-46.0489,71.62,75,86,2.59,overcast clouds
645,Kuryk,KZ,43.2,51.65,29.25,57,100,15.73,overcast clouds
646,Mackenzie,CA,55.2999,-123.1698,7.02,85,1,6.91,clear sky
647,Tilichiki,RU,60.4667,166.1,-0.83,94,100,8.1,overcast clouds
648,Grand-Santi,GF,4.25,-54.3833,72.32,100,100,2.19,overcast clouds
649,Naze,JP,28.3667,129.4833,65.32,69,100,15.35,overcast clouds
650,Oussouye,SN,12.485,-16.5469,75.29,24,92,8.05,overcast clouds
651,Te Anau,NZ,-45.4167,167.7167,61.05,44,53,7.0,broken clouds
652,Sambava,MG,-14.2667,50.1667,77.04,91,99,4.72,overcast clouds
653,Hoa Binh,VN,20.8133,105.3383,60.69,78,0,0.25,clear sky
654,Vannes,FR,47.8333,-2.5,34.41,96,7,6.29,clear sky
655,Pokrovsk,UA,48.282,37.1758,7.45,94,26,6.62,scattered clouds
656,Rengo,CL,-34.4167,-70.8667,68.47,48,4,0.85,clear sky
657,Weinan,CN,34.5036,109.5089,33.49,46,100,0.65,overcast clouds
658,Itacarambi,BR,-15.1022,-44.0919,70.72,97,36,3.22,very heavy rain
659,Phalodi,IN,27.1333,72.3667,62.65,70,36,8.43,scattered clouds
660,Villa Carlos Paz,AR,-31.4241,-64.4978,77.4,43,7,1.99,clear sky
661,Sandakan,MY,5.8402,118.1179,76.68,94,40,1.01,thunderstorm
662,Banda Aceh,ID,5.5577,95.3222,77.25,81,100,5.14,overcast clouds
663,Maniwaki,CA,46.3834,-75.966,18.14,73,100,12.66,overcast clouds
664,Saint-Francois,FR,46.4154,3.9054,30.67,97,90,3.44,fog
665,Opuwo,NA,-18.0607,13.84,67.15,36,0,7.83,clear sky
666,Benoy,TD,8.9833,16.3199,73.76,28,45,5.95,scattered clouds
667,Seoni,IN,22.0833,79.5333,54.09,38,0,2.82,clear sky
668,Peabiru,BR,-23.9128,-52.3431,86.22,53,70,8.28,broken clouds
669,Fulton,US,33.7668,-84.4499,46.72,49,1,1.01,clear sky
670,Kijang,KR,35.2442,129.2139,35.33,30,0,2.91,clear sky
671,Pandan,PH,14.0453,124.1694,79.48,81,100,8.66,overcast clouds
672,Tyssedal,NO,60.1165,6.562,38.88,92,100,4.59,overcast clouds
673,Thaton,MM,16.9206,97.3714,69.28,85,57,2.17,broken clouds
674,Baoding,CN,38.8511,115.4903,31.1,87,100,4.99,overcast clouds
675,Beloha,MG,-25.1667,45.05,68.77,91,98,3.33,overcast clouds
676,Alihe,CN,50.5667,123.7167,-12.87,63,98,7.81,overcast clouds
677,Atar,MR,20.5169,-13.0499,68.59,26,0,6.53,clear sky
678,Selma,US,36.5708,-119.6121,53.19,94,100,4.34,moderate rain
679,Vila Velha,BR,-20.3297,-40.2925,78.94,92,75,5.99,broken clouds
680,Lazi,UA,48.0667,24.2333,8.64,97,28,1.7,scattered clouds
681,Worland,US,44.0169,-107.9554,43.95,38,0,16.49,clear sky
682,Kedrovyy,RU,56.1667,91.8167,-21.59,92,13,9.57,few clouds
683,Tarata,BO,-17.6167,-66.0167,60.22,91,100,4.07,overcast clouds
684,Riyadh,SA,24.6877,46.7219,53.74,26,76,4.16,broken clouds
